20230826	경희대학교동서의학대학원	0	0	0	0	0	0
20230904	경희대학교동서의학대학원	0	0	0	0	0	0
20230911	경희대학교동서의학대학원	0	0	0	0	0	0
20230921	경희대학교동서의학대학원	0	0	0	0	0	0
20231001	경희대학교동서의학대학원	0	0	0	0	0	0
20231011	경희대학교동서의학대학원	0	0	0	0	0	0
20231021	경희대학교동서의학대학원	0	0	0	0	0	0
20231101	경희대학교동서의학대학원	0	0	0	0	0	0
20231111	경희대학교동서의학대학원	0	0	0	0	0	0
20231121	경희대학교동서의학대학원	0	0	0	0	0	0
20231201	경희대학교동서의학대학원	0	0	0	0	0	0
20231211	경희대학교동서의학대학원	0	0	0	0	0	0
20231221	경희대학교동서의학대학원	0	0	0	0	0	0
20240101	경희대학교동서의학대학원	0	0	0	0	0	0
20240111	경희대학교동서의학대학원	0	0	0	0	0	0
20240121	경희대학교동서의학대학원	0	0	0	0	0	0
20240201	경희대학교동서의학대학원	0	0	0	0	0	0
20240211	경희대학교동서의학대학원	0	0	0	0	0	0
20240221	경희대학교동서의학대학원	0	0	0	0	0	0
20240301	경희대학교동서의학대학원	0	0	0	0	0	0
20240311	경희대학교동서의학대학원	0	0	0	0	0	0
20240321	경희대학교동서의학대학원	0	0	0	0	0	0
20240401	경희대학교동서의학대학원	0	0	0	0	0	0
20240411	경희대학교동서의학대학원	0	0	0	0	0	0
20240421	경희대학교동서의학대학원	0	0	0	0	0	0
20240501	경희대학교동서의학대학원	0	0	0	0	0	0
20240511	경희대학교동서의학대학원	0	0	0	0	0	0
20240521	경희대학교동서의학대학원	0	0	0	0	0	0
20240601	경희대학교동서의학대학원	0	0	0	0	0	0
20240611	경희대학교동서의학대학원	0	0	0	0	0	0
20240621	경희대학교동서의학대학원	0	0	0	0	0	0
20240624	경희대학교동서의학대학원	0	0	0	0	0	0
20240624	경희대학교동서의학대학원	0	0	0	0	0	0
20240701	경희대학교동서의학대학원	0	0	0	0	0	0
20240711	경희대학교동서의학대학원	0	0	0	0	0	0
20240721	경희대학교동서의학대학원	0	0	0	0	0	0
20240801	경희대학교동서의학대학원	0	0	0	0	0	0
20240811	경희대학교동서의학대학원	0	0	0	0	0	0
20240821	경희대학교동서의학대학원	0	0	0	0	0	0
20240901	경희대학교동서의학대학원	0	0	0	0	0	0
20240911	경희대학교동서의학대학원	0	0	0	0	0	0
20240921	경희대학교동서의학대학원	0	0	0	0	0	0
20241001	경희대학교동서의학대학원	0	0	0	0	0	0
20241011	경희대학교동서의학대학원	0	0	0	0	0	0
20241021	경희대학교동서의학대학원	0	0	0	0	0	0
20241101	경희대학교동서의학대학원	0	0	0	0	0	0
20241111	경희대학교동서의학대학원	0	0	0	0	0	0
