20231221	엘아이지넥스원(주) 생산기술연구소	0	0	0	0	0	0
20240101	엘아이지넥스원(주) 생산기술연구소	0	0	0	0	0	0
20240111	엘아이지넥스원(주) 생산기술연구소	0	0	0	0	0	0
20240121	엘아이지넥스원(주) 생산기술연구소	0	0	0	0	0	0
20240201	엘아이지넥스원(주) 생산기술연구소	0	0	0	0	0	0
20240211	엘아이지넥스원(주) 생산기술연구소	0	0	0	0	0	0
20240221	엘아이지넥스원(주) 생산기술연구소	0	0	0	0	0	0
20240301	엘아이지넥스원(주) 생산기술연구소	0	0	0	0	0	0
20240311	엘아이지넥스원(주) 생산기술연구소	0	0	0	0	0	0
20240321	엘아이지넥스원(주) 생산기술연구소	0	0	0	0	0	0
20240401	엘아이지넥스원(주) 생산기술연구소	0	0	0	0	0	0
20240411	엘아이지넥스원(주) 생산기술연구소	0	0	0	0	0	0
20240421	엘아이지넥스원(주) 생산기술연구소	0	0	0	0	0	0
20240501	엘아이지넥스원(주) 생산기술연구소	0	0	0	0	0	0
20240511	엘아이지넥스원(주) 생산기술연구소	0	0	0	0	0	0
20240521	엘아이지넥스원(주) 생산기술연구소	0	0	0	0	0	0
20240601	엘아이지넥스원(주) 생산기술연구소	0	0	0	0	0	0
20240611	엘아이지넥스원(주) 생산기술연구소	0	0	0	0	0	0
20240621	엘아이지넥스원(주) 생산기술연구소	0	0	0	0	0	0
20240624	엘아이지넥스원(주) 생산기술연구소	0	0	0	0	0	0
20240624	엘아이지넥스원(주) 생산기술연구소	0	0	0	0	0	0
20240701	엘아이지넥스원(주) 생산기술연구소	0	0	0	0	0	0
20240711	엘아이지넥스원(주) 생산기술연구소	0	0	0	0	0	0
20240721	엘아이지넥스원(주) 생산기술연구소	0	0	0	0	0	0
20240801	엘아이지넥스원(주) 생산기술연구소	0	0	0	0	0	0
20240811	엘아이지넥스원(주) 생산기술연구소	0	0	0	0	0	0
20240821	엘아이지넥스원(주) 생산기술연구소	0	0	0	0	0	0
20240901	엘아이지넥스원(주) 생산기술연구소	0	0	0	0	0	0
20240911	엘아이지넥스원(주) 생산기술연구소	0	0	0	0	0	0
20240921	엘아이지넥스원(주) 생산기술연구소	0	0	0	0	0	0
20241001	엘아이지넥스원(주) 생산기술연구소	0	0	0	0	0	0
20241011	엘아이지넥스원(주) 생산기술연구소	0	0	0	0	0	0
20241021	엘아이지넥스원(주) 생산기술연구소	0	0	0	0	0	0
20241101	엘아이지넥스원(주) 생산기술연구소	0	0	0	0	0	0
20241111	엘아이지넥스원(주) 생산기술연구소	0	0	0	0	0	0
20241121	엘아이지넥스원(주) 생산기술연구소	0	0	0	0	0	0
20241201	엘아이지넥스원(주) 생산기술연구소	0	0	0	0	0	0
20241211	엘아이지넥스원(주) 생산기술연구소	0	0	0	0	0	0
20241221	엘아이지넥스원(주) 생산기술연구소	0	0	0	0	0	0
20250101	엘아이지넥스원(주) 생산기술연구소	0	0	0	0	0	0
20250101	엘아이지넥스원(주) 생산기술연구소	0	0	0	0	0	0
20250111	엘아이지넥스원(주) 생산기술연구소	0	0	0	0	0	0
20250121	엘아이지넥스원(주) 생산기술연구소	0	0	0	0	0	0
20250201	엘아이지넥스원(주) 생산기술연구소	0	0	0	0	0	0
20250211	엘아이지넥스원(주) 생산기술연구소	0	0	0	0	0	0
20250221	엘아이지넥스원(주) 생산기술연구소	0	0	0	0	0	0
20250301	엘아이지넥스원(주) 생산기술연구소	0	0	0	0	0	0
20250311	엘아이지넥스원(주) 생산기술연구소	0	0	0	0	0	0
20250321	엘아이지넥스원(주) 생산기술연구소	0	0	0	0	0	0
20250401	엘아이지넥스원(주) 생산기술연구소	0	0	0	0	0	0
20250411	엘아이지넥스원(주) 생산기술연구소	0	0	0	0	0	0
20250421	엘아이지넥스원(주) 생산기술연구소	0	0	0	0	0	0
20250501	엘아이지넥스원(주) 생산기술연구소	0	0	0	0	0	0
20250511	엘아이지넥스원(주) 생산기술연구소	0	0	0	0	0	0
20250521	엘아이지넥스원(주) 생산기술연구소	0	0	0	0	0	0
20250601	엘아이지넥스원(주) 생산기술연구소	0	0	0	0	0	0
20250611	엘아이지넥스원(주) 생산기술연구소	0	0	0	0	0	0
20250621	엘아이지넥스원(주) 생산기술연구소	0	0	0	0	0	0
20250701	엘아이지넥스원(주) 생산기술연구소	0	0	0	0	0	0
20250711	엘아이지넥스원(주) 생산기술연구소	0	0	0	0	0	0
20250721	엘아이지넥스원(주) 생산기술연구소	0	0	0	0	0	0
