20241201	(주)엘프시스템 기술연구소	0	0	0	0	0	0
20241211	(주)엘프시스템 기술연구소	0	0	0	0	0	0
20241221	(주)엘프시스템 기술연구소	0	0	0	0	0	0
20250101	(주)엘프시스템 기술연구소	0	0	0	0	0	0
20250101	(주)엘프시스템 기술연구소	0	0	0	0	0	0
20250111	(주)엘프시스템기술연구소	0	0	0	0	0	0
20250121	(주)엘프시스템기술연구소	0	0	0	0	0	0
20250201	(주)엘프시스템기술연구소	0	0	0	0	0	0
20250211	(주)엘프시스템기술연구소	0	0	0	0	0	0
20250221	(주)엘프시스템기술연구소	0	0	0	0	0	0
20250301	(주)엘프시스템기술연구소	0	0	0	0	0	0
20250311	(주)엘프시스템기술연구소	0	0	0	0	0	0
20250321	(주)엘프시스템기술연구소	0	0	0	0	0	0
20250401	(주)엘프시스템기술연구소	0	0	0	0	0	0
20250411	(주)엘프시스템기술연구소	0	0	0	0	0	0
20250421	(주)엘프시스템기술연구소	0	0	0	0	0	0
20250501	(주)엘프시스템기술연구소	0	0	0	0	0	0
20250511	(주)엘프시스템기술연구소	0	0	0	0	0	0
20250521	(주)엘프시스템기술연구소	0	0	0	0	0	0
20250601	(주)엘프시스템기술연구소	0	0	0	0	0	0
20250611	(주)엘프시스템기술연구소	0	0	0	0	0	0
20250621	(주)엘프시스템기술연구소	0	0	0	0	0	0
20250701	(주)엘프시스템기술연구소	0	0	0	0	0	0
20250711	(주)엘프시스템기술연구소	0	0	0	0	0	0
20250721	(주)엘프시스템기술연구소	0	0	0	0	0	0
20250801	(주)엘프시스템기술연구소	0	0	0	0	0	0
20250811	(주)엘프시스템기술연구소	0	0	0	0	0	0
20250821	(주)엘프시스템기술연구소	0	0	0	0	0	0
20250901	(주)엘프시스템기술연구소	0	0	0	0	0	0
20250911	(주)엘프시스템기술연구소	0	0	0	0	0	0
20250921	(주)엘프시스템기술연구소	0	0	0	0	0	0
20251001	(주)엘프시스템기술연구소	0	0	0	0	0	0
20251011	(주)엘프시스템기술연구소	0	0	0	0	0	0
20251021	(주)엘프시스템기술연구소	0	0	0	0	0	0
20251101	(주)엘프시스템기술연구소	0	0	0	0	0	0
20251111	(주)엘프시스템기술연구소	0	0	0	0	0	0
20251121	(주)엘프시스템기술연구소	0	0	0	0	0	0
20251201	(주)엘프시스템기술연구소	0	0	0	0	0	0
20251211	(주)엘프시스템기술연구소	0	0	0	0	0	0
20251221	(주)엘프시스템기술연구소	0	0	0	0	0	0
20260101	(주)엘프시스템기술연구소	0	0	0	0	0	0
20260111	(주)엘프시스템기술연구소	0	0	0	0	0	0
20260121	(주)엘프시스템기술연구소	0	0	0	0	0	0
